time,open,high,low,close,tick_volume,spread,real_volume
2025-06-06 14:00:00,1.14222,1.14238,1.14187,1.14198,606,8,0
2025-06-06 14:15:00,1.14198,1.1423,1.14194,1.14201,499,10,0
2025-06-06 14:30:00,1.142,1.14286,1.14199,1.14258,1731,8,0
2025-06-06 14:45:00,1.14258,1.1427,1.14166,1.14175,1035,8,0
2025-06-06 15:00:00,1.14176,1.14193,1.14022,1.14054,819,0,0
2025-06-06 15:15:00,1.14054,1.14165,1.14052,1.1406399999999999,947,8,0
2025-06-06 15:30:00,1.14056,1.14308,1.13849,1.13986,2524,8,0
2025-06-06 15:45:00,1.13992,1.14097,1.13955,1.13963,2020,8,0
2025-06-06 16:00:00,1.13963,1.14018,1.13855,1.13936,1776,8,0
2025-06-06 16:15:00,1.13937,1.13975,1.13712,1.13762,1421,8,0
2025-06-06 16:30:00,1.13764,1.13934,1.13753,1.13876,1668,8,0
2025-06-06 16:45:00,1.13873,1.14019,1.13832,1.13896,1627,8,0
2025-06-06 17:00:00,1.139,1.14051,1.1389,1.14036,1677,8,0
2025-06-06 17:15:00,1.14043,1.14158,1.1402,1.14131,1575,8,0
2025-06-06 17:30:00,1.14131,1.1415,1.13972,1.13987,1170,8,0
2025-06-06 17:45:00,1.13987,1.13989,1.13803,1.13888,1336,8,0
2025-06-06 18:00:00,1.13889,1.13904,1.13807,1.13848,1300,8,0
2025-06-06 18:15:00,1.13848,1.13933,1.13812,1.13923,1318,8,0
2025-06-06 18:30:00,1.13923,1.14017,1.1390500000000001,1.1401,1158,8,0
2025-06-06 18:45:00,1.14013,1.14018,1.13952,1.13962,951,8,0
2025-06-06 19:00:00,1.1396,1.14012,1.13941,1.13944,871,8,0
2025-06-06 19:15:00,1.13946,1.13996,1.13937,1.13948,718,8,0
2025-06-06 19:30:00,1.13948,1.13977,1.13894,1.13975,760,8,0
2025-06-06 19:45:00,1.13974,1.1398,1.13856,1.13867,774,8,0
2025-06-06 20:00:00,1.13867,1.1394199999999999,1.13842,1.1394199999999999,671,8,0
2025-06-06 20:15:00,1.1394199999999999,1.13974,1.13912,1.13927,538,8,0
2025-06-06 20:30:00,1.13929,1.13946,1.13852,1.13878,600,8,0
2025-06-06 20:45:00,1.13879,1.13955,1.13878,1.13927,565,8,0
2025-06-06 21:00:00,1.13927,1.13981,1.13922,1.13947,651,8,0
2025-06-06 21:15:00,1.13946,1.13984,1.13939,1.13968,526,8,0
2025-06-06 21:30:00,1.1397,1.13991,1.13931,1.13965,630,8,0
2025-06-06 21:45:00,1.13962,1.13975,1.13944,1.13967,550,8,0
2025-06-06 22:00:00,1.13968,1.14015,1.13963,1.13995,503,8,0
2025-06-06 22:15:00,1.13995,1.14012,1.1397599999999999,1.13983,408,8,0
2025-06-06 22:30:00,1.13983,1.14001,1.13972,1.13992,368,9,0
2025-06-06 22:45:00,1.13991,1.1400000000000001,1.13922,1.13952,476,0,0
2025-06-06 23:00:00,1.13953,1.13963,1.13944,1.13954,277,8,0
2025-06-06 23:15:00,1.13954,1.13973,1.13951,1.13952,200,8,0
2025-06-06 23:30:00,1.13952,1.13963,1.13902,1.13929,201,8,0
2025-06-06 23:45:00,1.1393,1.13944,1.13901,1.13934,237,8,0
2025-06-09 00:00:00,1.13955,1.13955,1.13885,1.13929,50,32,0
2025-06-09 00:15:00,1.13929,1.13931,1.1391499999999999,1.13922,51,30,0
2025-06-09 00:30:00,1.13922,1.13934,1.13887,1.13923,124,12,0
2025-06-09 00:45:00,1.13923,1.13923,1.13912,1.13922,93,45,0
2025-06-09 01:00:00,1.13922,1.14042,1.13922,1.14024,596,9,0
2025-06-09 01:15:00,1.14024,1.14042,1.14013,1.14028,431,11,0
2025-06-09 01:30:00,1.14029,1.14043,1.14026,1.14028,301,11,0
2025-06-09 01:45:00,1.14028,1.14063,1.14024,1.1406,673,11,0
2025-06-09 02:00:00,1.1406,1.14094,1.14057,1.14084,506,8,0
2025-06-09 02:15:00,1.14083,1.14107,1.14077,1.14094,424,9,0
2025-06-09 02:30:00,1.14094,1.141,1.14038,1.14039,382,8,0
2025-06-09 02:45:00,1.14039,1.14082,1.1403,1.1406,313,11,0
2025-06-09 03:00:00,1.1406,1.14085,1.14008,1.14009,518,9,0
2025-06-09 03:15:00,1.14009,1.14009,1.13959,1.13982,527,8,0
2025-06-09 03:30:00,1.13985,1.1402,1.13968,1.1398,487,8,0
2025-06-09 03:45:00,1.1398,1.13988,1.13923,1.13934,625,9,0
2025-06-09 04:00:00,1.13934,1.14032,1.13934,1.14018,627,9,0
2025-06-09 04:15:00,1.14017,1.14096,1.14007,1.14067,531,8,0
2025-06-09 04:30:00,1.14067,1.14115,1.14038,1.14105,566,8,0
2025-06-09 04:45:00,1.14108,1.14167,1.14106,1.14148,623,8,0
2025-06-09 05:00:00,1.14148,1.14245,1.14138,1.14217,733,8,0
2025-06-09 05:15:00,1.14217,1.14247,1.14194,1.14235,578,9,0
2025-06-09 05:30:00,1.14235,1.14249,1.14192,1.14197,470,8,0
2025-06-09 05:45:00,1.14199,1.14209,1.14165,1.14167,440,9,0
2025-06-09 06:00:00,1.14167,1.142,1.1415899999999999,1.142,411,9,0
2025-06-09 06:15:00,1.142,1.14205,1.14137,1.14138,407,8,0
2025-06-09 06:30:00,1.14137,1.14145,1.14116,1.14136,336,11,0
2025-06-09 06:45:00,1.14136,1.14163,1.14115,1.14116,403,9,0
2025-06-09 07:00:00,1.14115,1.14148,1.14104,1.14137,345,9,0
2025-06-09 07:15:00,1.14137,1.14164,1.14135,1.14137,307,9,0
2025-06-09 07:30:00,1.14136,1.14164,1.14127,1.1415899999999999,274,9,0
2025-06-09 07:45:00,1.1415899999999999,1.14184,1.14135,1.14177,360,8,0
2025-06-09 08:00:00,1.14178,1.14191,1.14172,1.14176,333,8,0
2025-06-09 08:15:00,1.14176,1.14193,1.14151,1.1417,344,8,0
2025-06-09 08:30:00,1.14169,1.14178,1.14116,1.14166,448,8,0
2025-06-09 08:45:00,1.14167,1.14237,1.14157,1.14214,563,9,0
2025-06-09 09:00:00,1.14216,1.14232,1.14173,1.14226,691,8,0
2025-06-09 09:15:00,1.1421999999999999,1.1424,1.14199,1.1421000000000001,670,8,0
2025-06-09 09:30:00,1.1421000000000001,1.14234,1.14189,1.14222,643,8,0
2025-06-09 09:45:00,1.14222,1.14291,1.1421999999999999,1.14268,821,9,0
2025-06-09 10:00:00,1.14269,1.14269,1.14206,1.14214,808,8,0
2025-06-09 10:15:00,1.14213,1.14279,1.14194,1.14245,706,8,0
2025-06-09 10:30:00,1.14245,1.1428099999999999,1.14218,1.14264,723,8,0
2025-06-09 10:45:00,1.14265,1.14273,1.14191,1.14219,733,8,0
2025-06-09 11:00:00,1.14219,1.14249,1.14181,1.1423,867,8,0
2025-06-09 11:15:00,1.14233,1.14275,1.142,1.14274,716,9,0
2025-06-09 11:30:00,1.14276,1.14355,1.14254,1.1433200000000001,830,8,0
2025-06-09 11:45:00,1.14335,1.14352,1.14269,1.14279,713,8,0
2025-06-09 12:00:00,1.14279,1.1437599999999999,1.14268,1.14375,714,8,0
2025-06-09 12:15:00,1.14375,1.14388,1.14329,1.14344,680,8,0
2025-06-09 12:30:00,1.14344,1.14365,1.14323,1.14353,625,8,0
2025-06-09 12:45:00,1.14351,1.14352,1.14253,1.14256,628,8,0
2025-06-09 13:00:00,1.14257,1.14285,1.14238,1.14275,675,8,0
2025-06-09 13:15:00,1.14274,1.14279,1.14219,1.14239,526,8,0
2025-06-09 13:30:00,1.14239,1.14254,1.14169,1.14176,466,8,0
2025-06-09 13:45:00,1.14176,1.14203,1.14156,1.1419,539,8,0
2025-06-09 14:00:00,1.1419,1.14226,1.14168,1.14221,642,9,0
2025-06-09 14:15:00,1.1421999999999999,1.14224,1.14147,1.14154,765,8,0
2025-06-09 14:30:00,1.14154,1.14178,1.14053,1.14101,825,8,0
2025-06-09 14:45:00,1.14104,1.1418,1.14095,1.14168,822,8,0
2025-06-09 15:00:00,1.1417,1.14175,1.1406399999999999,1.14078,930,8,0
2025-06-09 15:15:00,1.14079,1.1411,1.14047,1.14082,704,8,0
2025-06-09 15:30:00,1.14078,1.14113,1.14049,1.14058,785,8,0
2025-06-09 15:45:00,1.14058,1.14058,1.13941,1.13998,830,8,0
2025-06-09 16:00:00,1.13991,1.14026,1.1391,1.13948,934,8,0
2025-06-09 16:15:00,1.13944,1.13965,1.1386,1.13948,892,8,0
2025-06-09 16:30:00,1.1395,1.14004,1.13948,1.13964,1094,8,0
2025-06-09 16:45:00,1.13963,1.14039,1.1395,1.14013,1084,8,0
2025-06-09 17:00:00,1.14011,1.14071,1.14006,1.14067,911,8,0
2025-06-09 17:15:00,1.14067,1.1408,1.14013,1.14033,789,8,0
2025-06-09 17:30:00,1.14033,1.14048,1.13931,1.14031,1056,8,0
2025-06-09 17:45:00,1.14031,1.14084,1.14021,1.14073,927,8,0
2025-06-09 18:00:00,1.14073,1.1414900000000001,1.14072,1.14148,910,8,0
2025-06-09 18:15:00,1.14148,1.14185,1.14148,1.1418300000000001,641,8,0
2025-06-09 18:30:00,1.1418300000000001,1.14231,1.14173,1.14202,600,8,0
2025-06-09 18:45:00,1.14203,1.1425,1.14192,1.14238,559,8,0
2025-06-09 19:00:00,1.14238,1.1424,1.14151,1.14153,570,8,0
2025-06-09 19:15:00,1.14152,1.14219,1.14147,1.14219,425,8,0
2025-06-09 19:30:00,1.14219,1.1423,1.14189,1.14207,399,10,0
2025-06-09 19:45:00,1.14207,1.1425,1.14207,1.1424,470,8,0
2025-06-09 20:00:00,1.14242,1.1424400000000001,1.1419,1.14219,455,8,0
2025-06-09 20:15:00,1.14218,1.14249,1.14218,1.14234,343,8,0
2025-06-09 20:30:00,1.14234,1.14247,1.14198,1.14242,383,8,0
2025-06-09 20:45:00,1.14242,1.14258,1.14209,1.14215,371,9,0
2025-06-09 21:00:00,1.14214,1.14239,1.14188,1.14231,416,8,0
2025-06-09 21:15:00,1.14232,1.14287,1.14223,1.14285,474,9,0
2025-06-09 21:30:00,1.14285,1.14302,1.14268,1.14285,418,9,0
2025-06-09 21:45:00,1.14284,1.14304,1.14263,1.14275,310,8,0
2025-06-09 22:00:00,1.14272,1.14289,1.14238,1.14278,311,8,0
2025-06-09 22:15:00,1.14278,1.14284,1.14256,1.1426,331,8,0
2025-06-09 22:30:00,1.14262,1.14265,1.14228,1.14234,352,9,0
2025-06-09 22:45:00,1.14234,1.14252,1.14219,1.14223,463,10,0
2025-06-09 23:00:00,1.14223,1.14265,1.14219,1.14245,233,8,0
2025-06-09 23:15:00,1.14245,1.14245,1.14195,1.14211,210,9,0
2025-06-09 23:30:00,1.14212,1.14212,1.14179,1.14192,213,10,0
2025-06-09 23:45:00,1.14193,1.14197,1.14163,1.14194,268,9,0
2025-06-10 00:00:00,1.142,1.14214,1.14133,1.14169,90,23,0
2025-06-10 00:15:00,1.14186,1.14191,1.14165,1.14188,64,37,0
2025-06-10 00:30:00,1.14189,1.14198,1.14186,1.14196,71,32,0
2025-06-10 00:45:00,1.14196,1.14201,1.14174,1.14194,132,27,0
2025-06-10 01:00:00,1.14193,1.14233,1.14193,1.14227,1226,8,0
2025-06-10 01:15:00,1.14227,1.14233,1.14214,1.14223,642,8,0
2025-06-10 01:30:00,1.14223,1.14223,1.14197,1.14204,262,8,0
2025-06-10 01:45:00,1.14204,1.14224,1.14201,1.14224,264,8,0
2025-06-10 02:00:00,1.14225,1.14225,1.14196,1.1421000000000001,295,13,0
2025-06-10 02:15:00,1.1421000000000001,1.14246,1.14207,1.14245,389,10,0
2025-06-10 02:30:00,1.14245,1.14259,1.14238,1.14239,280,11,0
2025-06-10 02:45:00,1.14239,1.14278,1.14235,1.14257,369,11,0
2025-06-10 03:00:00,1.14257,1.14322,1.14234,1.14317,588,8,0
2025-06-10 03:15:00,1.14317,1.14351,1.14301,1.1432,501,8,0
2025-06-10 03:30:00,1.1432,1.14322,1.14213,1.14226,527,8,0
2025-06-10 03:45:00,1.14226,1.14266,1.14217,1.14238,722,9,0
2025-06-10 04:00:00,1.1424,1.14277,1.14187,1.14201,648,8,0
2025-06-10 04:15:00,1.14201,1.14237,1.14117,1.14155,730,8,0
2025-06-10 04:30:00,1.14157,1.14187,1.14053,1.14083,848,8,0
2025-06-10 04:45:00,1.14083,1.14092,1.13946,1.13963,751,8,0
2025-06-10 05:00:00,1.13962,1.13962,1.13857,1.13919,1026,8,0
2025-06-10 05:15:00,1.13918,1.13956,1.13897,1.13932,805,9,0
2025-06-10 05:30:00,1.13932,1.13988,1.13918,1.13936,619,8,0
2025-06-10 05:45:00,1.13938,1.14001,1.13933,1.13985,549,8,0
2025-06-10 06:00:00,1.13985,1.1401,1.13911,1.14007,641,8,0
2025-06-10 06:15:00,1.14006,1.14044,1.13986,1.1402,525,8,0
2025-06-10 06:30:00,1.1402,1.14033,1.13981,1.14014,495,8,0
2025-06-10 06:45:00,1.14014,1.14029,1.13981,1.14025,353,8,0
2025-06-10 07:00:00,1.14026,1.1403699999999999,1.13991,1.14006,428,10,0
2025-06-10 07:15:00,1.14006,1.14019,1.13917,1.13924,388,8,0
2025-06-10 07:30:00,1.13923,1.13956,1.1391,1.13931,417,8,0
2025-06-10 07:45:00,1.13932,1.1399,1.13927,1.1399,334,10,0
2025-06-10 08:00:00,1.13991,1.14021,1.13973,1.14015,492,10,0
2025-06-10 08:15:00,1.14014,1.14076,1.14011,1.14032,927,9,0
2025-06-10 08:30:00,1.14032,1.14131,1.14002,1.14022,1149,8,0
2025-06-10 08:45:00,1.14025,1.14072,1.1400000000000001,1.14046,870,8,0
2025-06-10 09:00:00,1.14048,1.14099,1.13993,1.14074,1147,8,0
2025-06-10 09:15:00,1.14075,1.14142,1.14058,1.14066,1055,8,0
2025-06-10 09:30:00,1.14065,1.14112,1.14025,1.1403699999999999,1034,8,0
2025-06-10 09:45:00,1.14036,1.14042,1.13916,1.13947,961,8,0
2025-06-10 10:00:00,1.1394,1.13972,1.13725,1.13776,1516,8,0
2025-06-10 10:15:00,1.1378,1.13926,1.13744,1.13906,1179,8,0
2025-06-10 10:30:00,1.13907,1.13978,1.13906,1.13978,941,8,0
2025-06-10 10:45:00,1.13978,1.13993,1.13894,1.13917,1018,8,0
2025-06-10 11:00:00,1.13917,1.14042,1.1391,1.14032,1111,8,0
2025-06-10 11:15:00,1.14031,1.14036,1.13965,1.13996,964,8,0
2025-06-10 11:30:00,1.13996,1.14076,1.13986,1.14039,893,8,0
2025-06-10 11:45:00,1.14039,1.14109,1.14006,1.14077,875,8,0
2025-06-10 12:00:00,1.14076,1.14121,1.14054,1.14089,740,8,0
2025-06-10 12:15:00,1.14093,1.14114,1.14031,1.14062,699,8,0
2025-06-10 12:30:00,1.14062,1.14165,1.14053,1.14123,636,8,0
2025-06-10 12:45:00,1.1412499999999999,1.1418300000000001,1.1412499999999999,1.14162,731,8,0
2025-06-10 13:00:00,1.14163,1.14172,1.14108,1.1412,720,8,0
2025-06-10 13:15:00,1.1412,1.14227,1.14113,1.14211,617,8,0
2025-06-10 13:30:00,1.14211,1.14243,1.14162,1.1421999999999999,595,8,0
2025-06-10 13:45:00,1.1421999999999999,1.14236,1.14188,1.14231,660,8,0
2025-06-10 14:00:00,1.14229,1.14248,1.14188,1.14247,769,8,0
2025-06-10 14:15:00,1.14246,1.14317,1.14242,1.14268,726,8,0
2025-06-10 14:30:00,1.14267,1.14301,1.14236,1.14266,767,8,0
2025-06-10 14:45:00,1.14266,1.14337,1.14256,1.14286,873,8,0
2025-06-10 15:00:00,1.14287,1.14398,1.1425,1.14273,1045,8,0
2025-06-10 15:15:00,1.14273,1.14273,1.14245,1.14265,573,8,0
2025-06-10 15:30:00,1.14265,1.14328,1.1426,1.14324,821,8,0
2025-06-10 15:45:00,1.14324,1.14378,1.14298,1.14316,807,8,0
2025-06-10 16:00:00,1.1431499999999999,1.14471,1.14301,1.14402,945,8,0
2025-06-10 16:15:00,1.14402,1.14453,1.14391,1.14453,899,8,0
2025-06-10 16:30:00,1.14452,1.14452,1.14378,1.14421,1128,8,0
2025-06-10 16:45:00,1.14421,1.14447,1.14391,1.14424,1011,8,0
2025-06-10 17:00:00,1.14422,1.14444,1.1430500000000001,1.14316,943,1,0
2025-06-10 17:15:00,1.14316,1.14341,1.14272,1.1431499999999999,808,8,0
2025-06-10 17:30:00,1.14316,1.14352,1.14287,1.14316,787,8,0
2025-06-10 17:45:00,1.14316,1.14316,1.142,1.14253,1038,8,0
2025-06-10 18:00:00,1.14252,1.14272,1.14231,1.14266,844,8,0
2025-06-10 18:15:00,1.14266,1.14267,1.14161,1.14176,686,8,0
2025-06-10 18:30:00,1.14176,1.14207,1.14151,1.14197,935,9,0
2025-06-10 18:45:00,1.14192,1.1421999999999999,1.14174,1.14219,659,8,0
2025-06-10 19:00:00,1.14219,1.1426,1.14169,1.14227,729,8,0
2025-06-10 19:15:00,1.14228,1.14228,1.14175,1.14182,575,8,0
2025-06-10 19:30:00,1.1418300000000001,1.14198,1.14155,1.14197,403,9,0
2025-06-10 19:45:00,1.14197,1.14238,1.14184,1.1423,484,8,0
2025-06-10 20:00:00,1.14234,1.14242,1.14195,1.14208,403,9,0
2025-06-10 20:15:00,1.14208,1.14215,1.14165,1.14192,360,8,0
2025-06-10 20:30:00,1.14191,1.14261,1.14181,1.14257,404,10,0
2025-06-10 20:45:00,1.14255,1.14283,1.14225,1.14225,360,8,0
2025-06-10 21:00:00,1.14225,1.14228,1.14178,1.142,538,8,0
2025-06-10 21:15:00,1.14199,1.14213,1.1416,1.14213,410,8,0
2025-06-10 21:30:00,1.14213,1.14247,1.14212,1.1423,375,8,0
2025-06-10 21:45:00,1.1423,1.14241,1.14192,1.14198,486,8,0
2025-06-10 22:00:00,1.14197,1.14259,1.14186,1.14257,507,8,0
2025-06-10 22:15:00,1.14256,1.14317,1.14255,1.14268,478,9,0
2025-06-10 22:30:00,1.14268,1.14317,1.14257,1.14313,401,8,0
2025-06-10 22:45:00,1.14313,1.1436,1.14247,1.14256,510,8,0
2025-06-10 23:00:00,1.14255,1.14293,1.14245,1.1428099999999999,355,8,0
2025-06-10 23:15:00,1.1428099999999999,1.14282,1.14204,1.14216,260,8,0
2025-06-10 23:30:00,1.14216,1.14229,1.14186,1.14211,181,8,0
2025-06-10 23:45:00,1.14212,1.14253,1.14199,1.14201,335,9,0
2025-06-11 00:00:00,1.14208,1.14247,1.1414900000000001,1.14235,117,50,0
2025-06-11 00:15:00,1.14248,1.14248,1.14182,1.14228,148,15,0
2025-06-11 00:30:00,1.14228,1.14241,1.14192,1.14223,447,15,0
2025-06-11 00:45:00,1.14224,1.14252,1.14214,1.14232,496,8,0
2025-06-11 01:00:00,1.14247,1.14284,1.14229,1.1427,230,8,0
2025-06-11 01:15:00,1.1427,1.14285,1.1427,1.14277,235,9,0
2025-06-11 01:30:00,1.14277,1.14279,1.14256,1.14276,249,9,0
2025-06-11 01:45:00,1.14277,1.14288,1.14266,1.1428099999999999,263,11,0
2025-06-11 02:00:00,1.14284,1.14329,1.14273,1.14317,549,9,0
2025-06-11 02:15:00,1.14319,1.1432,1.14216,1.14306,577,8,0
2025-06-11 02:30:00,1.14306,1.14381,1.14306,1.1437599999999999,407,8,0
2025-06-11 02:45:00,1.1437599999999999,1.1439,1.14354,1.14369,473,8,0
2025-06-11 03:00:00,1.14372,1.14377,1.14268,1.14295,798,8,0
2025-06-11 03:15:00,1.14295,1.14383,1.14258,1.14288,849,8,0
2025-06-11 03:30:00,1.14287,1.14329,1.14225,1.14254,679,8,0
2025-06-11 03:45:00,1.14254,1.14276,1.14199,1.14205,787,8,0
2025-06-11 04:00:00,1.14205,1.14227,1.14184,1.14217,626,8,0
2025-06-11 04:15:00,1.14217,1.14264,1.14214,1.14238,650,8,0
2025-06-11 04:30:00,1.14238,1.14247,1.14189,1.1419,593,8,0
2025-06-11 04:45:00,1.1419,1.14199,1.14059,1.1408,760,8,0
2025-06-11 05:00:00,1.14081,1.14123,1.14066,1.14109,667,8,0
2025-06-11 05:15:00,1.14107,1.14141,1.14102,1.14119,537,8,0
2025-06-11 05:30:00,1.14119,1.14172,1.14119,1.14162,441,9,0
2025-06-11 05:45:00,1.14162,1.14173,1.14135,1.1414900000000001,345,11,0
2025-06-11 06:00:00,1.14148,1.14148,1.14115,1.14129,449,8,0
2025-06-11 06:15:00,1.14129,1.14143,1.14109,1.14113,325,8,0
2025-06-11 06:30:00,1.14112,1.14168,1.14112,1.14168,365,9,0
2025-06-11 06:45:00,1.14168,1.1417,1.1414,1.14158,308,8,0
2025-06-11 07:00:00,1.14158,1.1415899999999999,1.14115,1.14158,315,10,0
2025-06-11 07:15:00,1.14156,1.14173,1.14134,1.14153,391,8,0
2025-06-11 07:30:00,1.14153,1.14166,1.14137,1.14161,337,8,0
2025-06-11 07:45:00,1.14161,1.14173,1.14143,1.14151,338,10,0
2025-06-11 08:00:00,1.14152,1.14164,1.1413,1.14147,372,10,0
2025-06-11 08:15:00,1.14147,1.14173,1.1413,1.14158,435,8,0
2025-06-11 08:30:00,1.1415899999999999,1.14176,1.14153,1.14171,426,9,0
2025-06-11 08:45:00,1.14171,1.14225,1.14167,1.14217,507,8,0
2025-06-11 09:00:00,1.14217,1.14229,1.14133,1.1415,626,8,0
2025-06-11 09:15:00,1.14151,1.14179,1.14087,1.14096,760,8,0
2025-06-11 09:30:00,1.14095,1.14177,1.1408800000000001,1.14175,757,8,0
2025-06-11 09:45:00,1.14176,1.14195,1.14066,1.14095,783,8,0
2025-06-11 10:00:00,1.14097,1.1413,1.14048,1.1406,894,8,0
2025-06-11 10:15:00,1.1406,1.14133,1.14056,1.14118,786,8,0
2025-06-11 10:30:00,1.14118,1.14155,1.14081,1.14154,764,8,0
2025-06-11 10:45:00,1.14155,1.14232,1.14153,1.14191,851,8,0
2025-06-11 11:00:00,1.1419,1.14278,1.14179,1.1421999999999999,758,8,0
2025-06-11 11:15:00,1.1421999999999999,1.1428,1.14215,1.14278,638,8,0
2025-06-11 11:30:00,1.14276,1.14379,1.14265,1.14374,713,8,0
2025-06-11 11:45:00,1.14381,1.14382,1.14298,1.14304,640,8,0
2025-06-11 12:00:00,1.14304,1.14412,1.14294,1.14404,845,8,0
2025-06-11 12:15:00,1.14405,1.14425,1.14365,1.144,679,8,0
2025-06-11 12:30:00,1.1440299999999999,1.14453,1.1437,1.14371,726,8,0
2025-06-11 12:45:00,1.14371,1.14371,1.14326,1.14343,714,8,0
2025-06-11 13:00:00,1.14349,1.14374,1.14328,1.14348,638,8,0
2025-06-11 13:15:00,1.14348,1.1442,1.1434,1.14353,594,8,0
2025-06-11 13:30:00,1.14353,1.1439,1.14333,1.14379,600,8,0
2025-06-11 13:45:00,1.14379,1.14402,1.14345,1.14377,541,8,0
2025-06-11 14:00:00,1.14377,1.144,1.14334,1.14346,472,8,0
2025-06-11 14:15:00,1.14346,1.1437,1.14277,1.14295,661,10,0
2025-06-11 14:30:00,1.14295,1.1431499999999999,1.14263,1.14283,692,8,0
2025-06-11 14:45:00,1.14283,1.14344,1.14264,1.14322,760,8,0
2025-06-11 15:00:00,1.14322,1.14378,1.14278,1.14359,1482,8,0
2025-06-11 15:15:00,1.1436,1.14379,1.14321,1.14324,974,8,0
2025-06-11 15:30:00,1.14324,1.14887,1.14293,1.14704,2212,8,0
2025-06-11 15:45:00,1.14703,1.14738,1.14588,1.14601,1594,8,0
2025-06-11 16:00:00,1.14603,1.14684,1.14523,1.14684,1513,8,0
2025-06-11 16:15:00,1.14687,1.1473,1.14582,1.14585,1226,8,0
2025-06-11 16:30:00,1.14584,1.14645,1.14565,1.14606,1298,8,0
2025-06-11 16:45:00,1.14605,1.1472,1.14564,1.14698,1326,8,0
2025-06-11 17:00:00,1.14698,1.14784,1.14666,1.14721,1199,8,0
2025-06-11 17:15:00,1.14721,1.14794,1.14687,1.14707,1070,8,0
2025-06-11 17:30:00,1.14707,1.14818,1.14692,1.14817,1065,8,0
2025-06-11 17:45:00,1.14818,1.14861,1.14784,1.14812,1193,8,0
2025-06-11 18:00:00,1.14812,1.1482999999999999,1.1474199999999999,1.14795,1137,8,0
2025-06-11 18:15:00,1.14796,1.14872,1.14775,1.14868,958,8,0
2025-06-11 18:30:00,1.14867,1.14897,1.14851,1.14894,849,8,0
2025-06-11 18:45:00,1.14894,1.14898,1.14836,1.14889,871,8,0
2025-06-11 19:00:00,1.14887,1.14896,1.14817,1.14821,828,8,0
2025-06-11 19:15:00,1.14824,1.14894,1.14817,1.14887,796,8,0
2025-06-11 19:30:00,1.14887,1.14954,1.1486,1.14916,736,8,0
2025-06-11 19:45:00,1.14916,1.14938,1.14887,1.14892,562,8,0
2025-06-11 20:00:00,1.14893,1.1495,1.14878,1.14938,645,8,0
2025-06-11 20:15:00,1.14936,1.14956,1.14917,1.14948,409,8,0
2025-06-11 20:30:00,1.14948,1.14953,1.14898,1.14939,401,8,0
2025-06-11 20:45:00,1.14939,1.14984,1.14931,1.14969,448,8,0
2025-06-11 21:00:00,1.1497,1.14989,1.14946,1.1495,687,10,0
2025-06-11 21:15:00,1.1495,1.14954,1.1485400000000001,1.1486,841,8,0
2025-06-11 21:30:00,1.1486,1.14908,1.1482999999999999,1.14845,817,8,0
2025-06-11 21:45:00,1.14849,1.1489099999999999,1.14837,1.14858,641,2,0
2025-06-11 22:00:00,1.14856,1.14858,1.14816,1.14833,627,8,0
2025-06-11 22:15:00,1.14833,1.14849,1.1482,1.14833,512,8,0
2025-06-11 22:30:00,1.14833,1.14863,1.14825,1.14851,516,8,0
2025-06-11 22:45:00,1.14852,1.14852,1.14787,1.1482,544,8,0
2025-06-11 23:00:00,1.14821,1.14844,1.14797,1.14834,363,8,0
2025-06-11 23:15:00,1.14833,1.14853,1.14828,1.14845,255,9,0
2025-06-11 23:30:00,1.14849,1.14861,1.14818,1.14847,281,8,0
2025-06-11 23:45:00,1.14847,1.1489,1.14828,1.14859,419,11,0
2025-06-12 00:00:00,1.14865,1.14879,1.14816,1.14834,86,17,0
2025-06-12 00:15:00,1.14834,1.14855,1.14829,1.14855,80,37,0
2025-06-12 00:30:00,1.1485400000000001,1.14861,1.14841,1.14859,132,32,0
2025-06-12 00:45:00,1.14859,1.14874,1.1485,1.1487,224,30,0
2025-06-12 01:00:00,1.14869,1.14936,1.14868,1.14916,467,9,0
2025-06-12 01:15:00,1.1491500000000001,1.14944,1.14906,1.14934,474,10,0
2025-06-12 01:30:00,1.14937,1.14965,1.1492499999999999,1.14961,251,11,0
2025-06-12 01:45:00,1.14961,1.15082,1.14955,1.15052,541,8,0
2025-06-12 02:00:00,1.15052,1.15126,1.15039,1.15091,704,8,0
2025-06-12 02:15:00,1.15091,1.15093,1.15043,1.15048,534,9,0
2025-06-12 02:30:00,1.1504699999999999,1.1509800000000001,1.1504,1.15074,528,8,0
2025-06-12 02:45:00,1.15074,1.15097,1.15055,1.15096,704,8,0
2025-06-12 03:00:00,1.15099,1.15124,1.15024,1.15032,975,8,0
2025-06-12 03:15:00,1.15032,1.15128,1.15012,1.15116,820,8,0
2025-06-12 03:30:00,1.15117,1.1517,1.15046,1.15162,806,8,0
2025-06-12 03:45:00,1.15165,1.1526,1.15151,1.15206,1015,8,0
2025-06-12 04:00:00,1.15207,1.15234,1.1514199999999999,1.1521,904,8,0
2025-06-12 04:15:00,1.15212,1.15285,1.15206,1.15258,923,8,0
2025-06-12 04:30:00,1.15258,1.15286,1.15181,1.15206,1053,8,0
2025-06-12 04:45:00,1.15206,1.1524,1.15172,1.15182,897,8,0
2025-06-12 05:00:00,1.15181,1.15186,1.15087,1.15103,740,8,0
2025-06-12 05:15:00,1.15102,1.15154,1.15097,1.15143,771,9,0
2025-06-12 05:30:00,1.15143,1.15165,1.15129,1.15139,563,8,0
2025-06-12 05:45:00,1.15139,1.15144,1.1506,1.1510799999999999,666,8,0
2025-06-12 06:00:00,1.15107,1.15167,1.15097,1.1515900000000001,548,8,0
2025-06-12 06:15:00,1.15155,1.15166,1.15125,1.15165,627,8,0
2025-06-12 06:30:00,1.15165,1.15216,1.15152,1.15184,734,8,0
2025-06-12 06:45:00,1.15186,1.15206,1.15178,1.15191,674,8,0
2025-06-12 07:00:00,1.15191,1.15192,1.15117,1.15128,651,9,0
2025-06-12 07:15:00,1.15128,1.15177,1.15125,1.15164,416,8,0
2025-06-12 07:30:00,1.15168,1.15171,1.15134,1.15168,458,9,0
2025-06-12 07:45:00,1.15168,1.15184,1.15145,1.15148,431,9,0
2025-06-12 08:00:00,1.15146,1.15154,1.15105,1.15133,564,8,0
2025-06-12 08:15:00,1.15133,1.15246,1.15127,1.15246,527,8,0
2025-06-12 08:30:00,1.15247,1.15255,1.15225,1.15242,769,8,0
2025-06-12 08:45:00,1.15242,1.15321,1.15238,1.15271,795,8,0
2025-06-12 09:00:00,1.15268,1.15308,1.15183,1.15188,1127,8,0
2025-06-12 09:15:00,1.15187,1.1520299999999999,1.15119,1.1519300000000001,988,8,0
2025-06-12 09:30:00,1.15192,1.1525,1.15168,1.15177,1069,8,0
2025-06-12 09:45:00,1.15176,1.15224,1.15109,1.15218,1136,8,0
2025-06-12 10:00:00,1.15217,1.15217,1.151,1.15102,1263,8,0
2025-06-12 10:15:00,1.15105,1.1513200000000001,1.15094,1.15131,936,8,0
2025-06-12 10:30:00,1.1513,1.15163,1.15054,1.15083,1077,8,0
2025-06-12 10:45:00,1.15083,1.15272,1.15082,1.15259,1131,8,0
2025-06-12 11:00:00,1.15259,1.15304,1.15225,1.15303,1109,8,0
2025-06-12 11:15:00,1.15303,1.15394,1.15296,1.15348,1092,8,0
2025-06-12 11:30:00,1.15346,1.15372,1.15304,1.15369,1016,8,0
2025-06-12 11:45:00,1.15369,1.15471,1.15361,1.1543700000000001,1130,8,0
2025-06-12 12:00:00,1.15436,1.15617,1.15399,1.15583,1041,1,0
2025-06-12 12:15:00,1.15583,1.1565,1.15509,1.15571,1030,8,0
2025-06-12 12:30:00,1.1557,1.156,1.15549,1.15551,907,8,0
2025-06-12 12:45:00,1.15551,1.15879,1.15543,1.15716,1287,8,0
2025-06-12 13:00:00,1.15717,1.15839,1.15664,1.15767,1063,8,0
2025-06-12 13:15:00,1.15768,1.15917,1.15744,1.15896,1320,8,0
2025-06-12 13:30:00,1.1589800000000001,1.15962,1.15806,1.15811,1358,8,0
2025-06-12 13:45:00,1.1581,1.16101,1.15795,1.15924,1404,8,0
2025-06-12 14:00:00,1.15924,1.16062,1.15917,1.1593499999999999,1221,8,0
2025-06-12 14:15:00,1.15936,1.16008,1.1592,1.1593,1056,8,0
2025-06-12 14:30:00,1.1593,1.16007,1.15851,1.15856,1207,8,0
2025-06-12 14:45:00,1.15856,1.15903,1.15835,1.15889,980,8,0
2025-06-12 15:00:00,1.1589,1.15984,1.15877,1.15957,1093,8,0
2025-06-12 15:15:00,1.15958,1.16058,1.15951,1.15957,1083,8,0
2025-06-12 15:30:00,1.1595900000000001,1.16313,1.15956,1.16272,2039,8,0
2025-06-12 15:45:00,1.16271,1.16272,1.16089,1.16093,1431,8,0
2025-06-12 16:00:00,1.1609099999999999,1.16167,1.15989,1.16005,1441,8,0
2025-06-12 16:15:00,1.16005,1.16007,1.15861,1.1589800000000001,1075,8,0
2025-06-12 16:30:00,1.1589800000000001,1.16041,1.1589800000000001,1.16024,1337,8,0
2025-06-12 16:45:00,1.16025,1.16025,1.1579,1.15844,1323,8,0
2025-06-12 17:00:00,1.15845,1.15895,1.158,1.15863,1375,8,0
2025-06-12 17:15:00,1.15863,1.15872,1.15785,1.1581,1076,8,0
2025-06-12 17:30:00,1.1581,1.1585,1.15791,1.15806,939,8,0
2025-06-12 17:45:00,1.15806,1.15891,1.15805,1.15815,1172,8,0
2025-06-12 18:00:00,1.15816,1.15845,1.15726,1.1574200000000001,1198,8,0
2025-06-12 18:15:00,1.1574200000000001,1.15791,1.15692,1.15719,1301,8,0
2025-06-12 18:30:00,1.15719,1.15801,1.1567,1.1571500000000001,1054,8,0
2025-06-12 18:45:00,1.1571500000000001,1.15818,1.15713,1.15765,1038,8,0
2025-06-12 19:00:00,1.15765,1.15779,1.15703,1.1574200000000001,1067,8,0
2025-06-12 19:15:00,1.1574200000000001,1.1579,1.15731,1.15735,925,8,0
2025-06-12 19:30:00,1.15735,1.15763,1.15686,1.15701,957,8,0
2025-06-12 19:45:00,1.15701,1.15758,1.15664,1.15756,830,8,0
2025-06-12 20:00:00,1.15755,1.15771,1.15675,1.15696,765,8,0
2025-06-12 20:15:00,1.15696,1.15706,1.15632,1.15685,762,8,0
2025-06-12 20:30:00,1.15685,1.15766,1.15668,1.15748,533,8,0
2025-06-12 20:45:00,1.15747,1.15775,1.15721,1.15745,546,8,0
2025-06-12 21:00:00,1.15745,1.15745,1.15694,1.15726,567,8,0
2025-06-12 21:15:00,1.15726,1.15801,1.15726,1.15773,499,9,0
2025-06-12 21:30:00,1.15773,1.15787,1.15736,1.15741,421,8,0
2025-06-12 21:45:00,1.15741,1.15789,1.15739,1.15771,470,8,0
2025-06-12 22:00:00,1.15772,1.15793,1.15748,1.15792,429,8,0
2025-06-12 22:15:00,1.15792,1.15802,1.15754,1.15755,414,9,0
2025-06-12 22:30:00,1.15756,1.15791,1.15743,1.15781,451,9,0
2025-06-12 22:45:00,1.15781,1.15799,1.15756,1.15756,555,9,0
2025-06-12 23:00:00,1.15757,1.158,1.1575,1.15783,352,8,0
2025-06-12 23:15:00,1.15785,1.15806,1.15779,1.1579,227,11,0
2025-06-12 23:30:00,1.1579,1.15853,1.1578,1.15851,296,8,0
2025-06-12 23:45:00,1.15849,1.15871,1.15791,1.15799,406,12,0
2025-06-13 00:00:00,1.15795,1.15861,1.15706,1.15858,118,20,0
2025-06-13 00:15:00,1.15858,1.1586400000000001,1.15841,1.15861,110,25,0
2025-06-13 00:30:00,1.1586,1.15867,1.15855,1.15857,172,20,0
2025-06-13 00:45:00,1.15857,1.15877,1.15836,1.15877,140,14,0
2025-06-13 01:00:00,1.1588,1.15923,1.15872,1.15919,241,8,0
2025-06-13 01:15:00,1.15918,1.15918,1.15875,1.15879,249,10,0
2025-06-13 01:30:00,1.15879,1.15889,1.15869,1.15875,366,11,0
2025-06-13 01:45:00,1.1587399999999999,1.15894,1.15873,1.15891,232,9,0
2025-06-13 02:00:00,1.15897,1.1592,1.15861,1.15916,315,8,0
2025-06-13 02:15:00,1.15917,1.15933,1.15907,1.15929,225,10,0
2025-06-13 02:30:00,1.1593,1.1597,1.15926,1.15962,347,9,0
2025-06-13 02:45:00,1.15962,1.1609,1.15957,1.16085,589,8,0
2025-06-13 03:00:00,1.16079,1.16141,1.15635,1.15639,2225,8,0
2025-06-13 03:15:00,1.15639,1.15881,1.15602,1.15815,1709,8,0
2025-06-13 03:30:00,1.15816,1.15844,1.15389,1.15454,2062,8,0
2025-06-13 03:45:00,1.1545,1.15617,1.15418,1.15582,1707,8,0
2025-06-13 04:00:00,1.15582,1.15597,1.15405,1.15459,1512,8,0
2025-06-13 04:15:00,1.15459,1.15492,1.15385,1.15491,1226,8,0
2025-06-13 04:30:00,1.15491,1.15509,1.15366,1.15441,1271,8,0
2025-06-13 04:45:00,1.15441,1.15539,1.15433,1.15479,1183,8,0
2025-06-13 05:00:00,1.15479,1.15516,1.1544699999999999,1.15489,881,8,0
2025-06-13 05:15:00,1.1549,1.15578,1.15462,1.15468,1050,8,0
2025-06-13 05:30:00,1.15468,1.15554,1.15402,1.1542,1002,8,0
2025-06-13 05:45:00,1.15421,1.1551,1.15366,1.15445,973,8,0
2025-06-13 06:00:00,1.15445,1.15458,1.15285,1.1529099999999999,1045,8,0
2025-06-13 06:15:00,1.15292,1.15369,1.15271,1.15317,974,8,0
2025-06-13 06:30:00,1.15317,1.15348,1.15275,1.15321,773,8,0
2025-06-13 06:45:00,1.1532,1.15424,1.1532,1.15366,776,8,0
2025-06-13 07:00:00,1.15365,1.15402,1.15275,1.15283,664,8,0
2025-06-13 07:15:00,1.15283,1.153,1.15137,1.15205,775,8,0
2025-06-13 07:30:00,1.15205,1.15274,1.15187,1.15255,866,8,0
2025-06-13 07:45:00,1.15253,1.1528,1.15204,1.15247,722,8,0
2025-06-13 08:00:00,1.15246,1.15364,1.15236,1.15312,947,8,0
2025-06-13 08:15:00,1.15308,1.15331,1.15115,1.15128,873,8,0
2025-06-13 08:30:00,1.15128,1.15314,1.15113,1.15244,690,8,0
2025-06-13 08:45:00,1.15244,1.15326,1.15236,1.15284,743,8,0
2025-06-13 09:00:00,1.15294,1.1546,1.15289,1.15335,1483,8,0
2025-06-13 09:15:00,1.15335,1.15388,1.15282,1.15298,1409,8,0
2025-06-13 09:30:00,1.15298,1.15405,1.15235,1.15289,1322,8,0
2025-06-13 09:45:00,1.15289,1.15436,1.15275,1.15416,1454,8,0
2025-06-13 10:00:00,1.15416,1.15597,1.15379,1.1554,1629,8,0
2025-06-13 10:15:00,1.15539,1.15541,1.15396,1.15472,1207,8,0
2025-06-13 10:30:00,1.15472,1.1557,1.1545,1.15465,981,8,0
2025-06-13 10:45:00,1.15465,1.15518,1.15348,1.1535,1010,8,0
2025-06-13 11:00:00,1.15347,1.15408,1.15309,1.15408,1012,8,0
2025-06-13 11:15:00,1.15409,1.15463,1.15335,1.15438,885,8,0
2025-06-13 11:30:00,1.15438,1.15465,1.15249,1.15267,971,8,0
2025-06-13 11:45:00,1.15267,1.15324,1.15258,1.15282,1126,8,0
2025-06-13 12:00:00,1.15282,1.15353,1.15272,1.15287,1241,8,0
2025-06-13 12:15:00,1.15287,1.15347,1.15257,1.15292,1006,8,0
2025-06-13 12:30:00,1.15292,1.15292,1.152,1.1520299999999999,987,8,0
2025-06-13 12:45:00,1.1520299999999999,1.15308,1.15179,1.1522999999999999,1253,8,0
2025-06-13 13:00:00,1.1522999999999999,1.1529,1.15192,1.15221,1229,8,0
2025-06-13 13:15:00,1.15222,1.15229,1.15117,1.15154,1164,8,0
2025-06-13 13:30:00,1.15154,1.15182,1.15035,1.15117,998,8,0
2025-06-13 13:45:00,1.15117,1.15117,1.14882,1.15041,1290,1,0
2025-06-13 14:00:00,1.15044,1.15063,1.149,1.1496,1181,8,0
2025-06-13 14:15:00,1.14959,1.14997,1.14918,1.14978,1134,8,0
2025-06-13 14:30:00,1.14978,1.1507,1.1496,1.1507,1153,8,0
2025-06-13 14:45:00,1.1507,1.15103,1.15001,1.15095,956,8,0
2025-06-13 15:00:00,1.15094,1.1515900000000001,1.1506,1.15147,896,8,0
2025-06-13 15:15:00,1.15148,1.15162,1.15083,1.15148,853,0,0
2025-06-13 15:30:00,1.15147,1.15222,1.15144,1.15197,861,8,0
2025-06-13 15:45:00,1.15197,1.15201,1.15125,1.1515900000000001,855,0,0
2025-06-13 16:00:00,1.15155,1.15185,1.15023,1.15065,996,8,0
2025-06-13 16:15:00,1.15065,1.15111,1.15034,1.15055,957,8,0
2025-06-13 16:30:00,1.15055,1.15177,1.15007,1.1515,1351,8,0
2025-06-13 16:45:00,1.15151,1.15271,1.15151,1.15224,1164,8,0
2025-06-13 17:00:00,1.15221,1.15397,1.15204,1.15397,1305,8,0
2025-06-13 17:15:00,1.15396,1.15452,1.1532499999999999,1.1545,1007,8,0
2025-06-13 17:30:00,1.1545,1.15457,1.15339,1.15378,948,8,0
2025-06-13 17:45:00,1.15379,1.15443,1.15351,1.15439,1221,8,0
2025-06-13 18:00:00,1.1544,1.15452,1.1537600000000001,1.15449,1155,8,0
2025-06-13 18:15:00,1.1545,1.15636,1.1545,1.15631,940,8,0
2025-06-13 18:30:00,1.15631,1.15689,1.15609,1.15621,988,8,0
2025-06-13 18:45:00,1.15622,1.15636,1.15528,1.15556,930,8,0
2025-06-13 19:00:00,1.15557,1.15597,1.15519,1.15526,846,8,0
2025-06-13 19:15:00,1.15526,1.15636,1.15523,1.15615,701,8,0
2025-06-13 19:30:00,1.15615,1.1565400000000001,1.15586,1.15602,720,8,0
2025-06-13 19:45:00,1.156,1.15614,1.15523,1.1554,628,8,0
2025-06-13 20:00:00,1.1554,1.1555,1.15476,1.15483,649,8,0
2025-06-13 20:15:00,1.15484,1.15492,1.15411,1.15448,664,8,0
2025-06-13 20:30:00,1.15446,1.15454,1.1537,1.1537,662,8,0
2025-06-13 20:45:00,1.1537,1.15504,1.15367,1.15486,642,8,0
2025-06-13 21:00:00,1.15486,1.15504,1.15443,1.15475,858,8,0
2025-06-13 21:15:00,1.1547399999999999,1.15485,1.15406,1.15409,698,8,0
2025-06-13 21:30:00,1.15409,1.15461,1.1533,1.15355,959,8,0
2025-06-13 21:45:00,1.15355,1.15471,1.15354,1.1541,874,8,0
2025-06-13 22:00:00,1.15406,1.1541299999999999,1.15374,1.1540300000000001,793,8,0
2025-06-13 22:15:00,1.1540300000000001,1.15422,1.15362,1.15388,594,8,0
2025-06-13 22:30:00,1.15388,1.15446,1.15374,1.15445,486,8,0
2025-06-13 22:45:00,1.15446,1.15512,1.15423,1.15494,783,8,0
2025-06-13 23:00:00,1.15494,1.15494,1.1538,1.15434,572,8,0
2025-06-13 23:15:00,1.15433,1.1544699999999999,1.15404,1.15419,354,8,0
2025-06-13 23:30:00,1.15419,1.15506,1.15375,1.15501,389,8,0
2025-06-13 23:45:00,1.1549800000000001,1.15515,1.15428,1.1549,524,8,0
2025-06-16 00:00:00,1.15272,1.1548,1.15211,1.15295,100,8,0
2025-06-16 00:15:00,1.15295,1.15307,1.15273,1.15296,107,26,0
2025-06-16 00:30:00,1.15296,1.15312,1.15259,1.15309,174,13,0
2025-06-16 00:45:00,1.15308,1.15345,1.15285,1.15296,232,22,0
2025-06-16 01:00:00,1.15293,1.15324,1.15252,1.15265,754,8,0
2025-06-16 01:15:00,1.1526,1.15353,1.15257,1.15318,1070,8,0
2025-06-16 01:30:00,1.1532,1.15418,1.1531,1.15378,1517,8,0
2025-06-16 01:45:00,1.15382,1.15471,1.15378,1.15404,815,8,0
2025-06-16 02:00:00,1.15406,1.15412,1.15292,1.15293,1080,8,0
2025-06-16 02:15:00,1.15293,1.1534200000000001,1.1527,1.15333,439,9,0
2025-06-16 02:30:00,1.15334,1.15394,1.15322,1.15383,390,8,0
2025-06-16 02:45:00,1.15384,1.15384,1.15351,1.15373,568,8,0
2025-06-16 03:00:00,1.15373,1.15443,1.15344,1.15405,849,8,0
2025-06-16 03:15:00,1.15405,1.1546,1.1535,1.15399,666,8,0
2025-06-16 03:30:00,1.15399,1.1543,1.1537600000000001,1.15381,773,8,0
2025-06-16 03:45:00,1.15381,1.15381,1.15302,1.1534,936,8,0
2025-06-16 04:00:00,1.15334,1.15401,1.15317,1.15379,817,9,0
2025-06-16 04:15:00,1.15379,1.15405,1.1535199999999999,1.15372,731,8,0
2025-06-16 04:30:00,1.15372,1.15436,1.15319,1.15363,800,8,0
2025-06-16 04:45:00,1.15363,1.15389,1.1531500000000001,1.15317,795,8,0
2025-06-16 05:00:00,1.1532,1.15344,1.15257,1.15314,840,8,0
2025-06-16 05:15:00,1.15314,1.15356,1.15302,1.15313,765,8,0
2025-06-16 05:30:00,1.15313,1.15328,1.15283,1.15313,592,8,0
2025-06-16 05:45:00,1.15313,1.15354,1.15283,1.15299,614,9,0
2025-06-16 06:00:00,1.15297,1.1534200000000001,1.15263,1.15284,677,8,0
2025-06-16 06:15:00,1.15284,1.15319,1.15233,1.15308,636,8,0
2025-06-16 06:30:00,1.15308,1.15324,1.15275,1.15283,617,10,0
2025-06-16 06:45:00,1.15283,1.1529099999999999,1.15245,1.15268,586,8,0
2025-06-16 07:00:00,1.15268,1.15335,1.15267,1.15313,615,8,0
2025-06-16 07:15:00,1.15314,1.15358,1.15308,1.1534,395,8,0
2025-06-16 07:30:00,1.1534,1.15366,1.15328,1.1534200000000001,420,9,0
2025-06-16 07:45:00,1.15341,1.15358,1.15317,1.1535199999999999,530,8,0
2025-06-16 08:00:00,1.15351,1.15477,1.15351,1.15456,740,8,0
2025-06-16 08:15:00,1.15456,1.15576,1.15455,1.15549,742,8,0
2025-06-16 08:30:00,1.1555,1.15618,1.15548,1.15557,699,8,0
2025-06-16 08:45:00,1.15554,1.15613,1.15551,1.15564,724,8,0
2025-06-16 09:00:00,1.15565,1.1559599999999999,1.15494,1.15518,964,8,0
2025-06-16 09:15:00,1.15518,1.15542,1.15401,1.15421,1113,8,0
2025-06-16 09:30:00,1.15421,1.15589,1.15394,1.15589,1169,8,0
2025-06-16 09:45:00,1.1559,1.15753,1.15574,1.1573,1377,8,0
2025-06-16 10:00:00,1.15728,1.15738,1.15665,1.15676,1285,8,0
2025-06-16 10:15:00,1.1568,1.15838,1.15673,1.1581299999999999,1242,8,0
2025-06-16 10:30:00,1.1581299999999999,1.15854,1.15772,1.15828,1121,8,0
2025-06-16 10:45:00,1.15828,1.1586,1.15762,1.15782,1075,8,0
2025-06-16 11:00:00,1.15782,1.15807,1.15748,1.15794,874,8,0
2025-06-16 11:15:00,1.15794,1.15812,1.15757,1.15793,824,8,0
2025-06-16 11:30:00,1.15793,1.15842,1.15786,1.1581299999999999,769,8,0
2025-06-16 11:45:00,1.15812,1.15835,1.15766,1.15777,861,8,0
2025-06-16 12:00:00,1.1578,1.15828,1.15759,1.15807,705,8,0
2025-06-16 12:15:00,1.15808,1.15811,1.15755,1.15783,758,8,0
2025-06-16 12:30:00,1.15781,1.1582,1.15758,1.15764,707,8,0
2025-06-16 12:45:00,1.15763,1.1584,1.15762,1.15836,628,8,0
2025-06-16 13:00:00,1.15836,1.15852,1.15772,1.15773,717,8,0
2025-06-16 13:15:00,1.15773,1.15777,1.1571799999999999,1.15769,667,8,0
2025-06-16 13:30:00,1.15769,1.15824,1.1575199999999999,1.15796,685,8,0
2025-06-16 13:45:00,1.15795,1.15827,1.15729,1.15748,850,8,0
2025-06-16 14:00:00,1.15748,1.15801,1.15729,1.15796,837,8,0
2025-06-16 14:15:00,1.15796,1.15833,1.1577,1.1577600000000001,634,8,0
2025-06-16 14:30:00,1.15775,1.15786,1.15692,1.15709,715,8,0
2025-06-16 14:45:00,1.15709,1.1577,1.15696,1.15723,732,8,0
2025-06-16 15:00:00,1.15723,1.1577,1.15706,1.15724,904,8,0
2025-06-16 15:15:00,1.15727,1.15786,1.15702,1.15713,914,8,0
2025-06-16 15:30:00,1.15717,1.15793,1.15717,1.15732,1115,8,0
2025-06-16 15:45:00,1.15731,1.15842,1.15726,1.15834,810,8,0
2025-06-16 16:00:00,1.15836,1.15992,1.15836,1.1594,1240,8,0
2025-06-16 16:15:00,1.15941,1.16014,1.15914,1.1595,990,8,0
2025-06-16 16:30:00,1.1595,1.16014,1.15937,1.15956,1065,8,0
2025-06-16 16:45:00,1.15954,1.16043,1.15843,1.16007,1499,8,0
2025-06-16 17:00:00,1.16009,1.16141,1.15997,1.1609,1287,8,0
2025-06-16 17:15:00,1.1609,1.1614,1.16046,1.16069,1170,8,0
2025-06-16 17:30:00,1.16066,1.16115,1.15943,1.15948,1323,8,0
2025-06-16 17:45:00,1.1595,1.15971,1.15889,1.15907,1351,8,0
2025-06-16 18:00:00,1.15909,1.15943,1.15858,1.15895,1088,8,0
2025-06-16 18:15:00,1.15894,1.15896,1.1581,1.15888,940,8,0
2025-06-16 18:30:00,1.15888,1.1590799999999999,1.158,1.15839,912,8,0
2025-06-16 18:45:00,1.1584,1.15856,1.15786,1.15795,881,8,0
2025-06-16 19:00:00,1.15797,1.15856,1.15795,1.15815,749,8,0
2025-06-16 19:15:00,1.15814,1.15851,1.15781,1.15826,708,8,0
2025-06-16 19:30:00,1.15827,1.15843,1.1579,1.1580300000000001,719,8,0
2025-06-16 19:45:00,1.1580300000000001,1.1583700000000001,1.15778,1.15833,587,8,0
2025-06-16 20:00:00,1.15835,1.15844,1.15721,1.15751,634,8,0
2025-06-16 20:15:00,1.15751,1.15794,1.1575,1.15772,551,8,0
2025-06-16 20:30:00,1.15771,1.15794,1.15727,1.15746,517,8,0
2025-06-16 20:45:00,1.15746,1.15801,1.15746,1.15778,492,8,0
2025-06-16 21:00:00,1.15773,1.15786,1.1575199999999999,1.15766,647,8,0
2025-06-16 21:15:00,1.15768,1.15778,1.15731,1.15753,573,8,0
2025-06-16 21:30:00,1.15753,1.1580300000000001,1.15751,1.15796,538,8,0
2025-06-16 21:45:00,1.15795,1.1581,1.15764,1.15793,630,8,0
2025-06-16 22:00:00,1.15793,1.15794,1.15699,1.1571,681,8,0
2025-06-16 22:15:00,1.1571,1.1572,1.15646,1.15676,554,8,0
2025-06-16 22:30:00,1.15674,1.15692,1.15599,1.15605,466,8,0
2025-06-16 22:45:00,1.15605,1.15615,1.15544,1.15551,559,8,0
2025-06-16 23:00:00,1.1555,1.15627,1.15541,1.15575,438,8,0
2025-06-16 23:15:00,1.15576,1.15621,1.15568,1.15621,186,8,0
2025-06-16 23:30:00,1.15621,1.15625,1.15572,1.15619,164,10,0
2025-06-16 23:45:00,1.1562000000000001,1.15628,1.15565,1.15572,337,10,0
2025-06-17 00:00:00,1.15574,1.15647,1.15548,1.15602,296,28,0
2025-06-17 00:15:00,1.15602,1.15644,1.15578,1.15589,215,33,0
2025-06-17 00:30:00,1.15589,1.1561,1.15573,1.15582,155,32,0
2025-06-17 00:45:00,1.15582,1.15615,1.15566,1.15598,373,26,0
2025-06-17 01:00:00,1.15598,1.15616,1.1556899999999999,1.15609,770,8,0
2025-06-17 01:15:00,1.15609,1.15618,1.15587,1.15594,377,10,0
2025-06-17 01:30:00,1.15594,1.15605,1.15548,1.1556,687,8,0
2025-06-17 01:45:00,1.1556,1.15581,1.15528,1.15553,470,8,0
2025-06-17 02:00:00,1.15553,1.15589,1.15547,1.15571,645,8,0
2025-06-17 02:15:00,1.15571,1.15614,1.15561,1.15566,491,8,0
2025-06-17 02:30:00,1.15566,1.15572,1.15516,1.15517,717,9,0
2025-06-17 02:45:00,1.15516,1.15561,1.15487,1.15533,1004,8,0
2025-06-17 03:00:00,1.15534,1.15539,1.15463,1.155,1065,8,0
2025-06-17 03:15:00,1.155,1.15502,1.15451,1.15462,839,8,0
2025-06-17 03:30:00,1.15462,1.15478,1.15421,1.1546,720,8,0
2025-06-17 03:45:00,1.15461,1.15513,1.15449,1.15493,746,8,0
2025-06-17 04:00:00,1.15495,1.15534,1.15491,1.15512,627,8,0
2025-06-17 04:15:00,1.15512,1.1556,1.155,1.15515,617,8,0
2025-06-17 04:30:00,1.15514,1.15556,1.15504,1.15539,645,8,0
2025-06-17 04:45:00,1.1554,1.1559599999999999,1.1553200000000001,1.15537,605,9,0
2025-06-17 05:00:00,1.15537,1.1554,1.15493,1.15497,625,8,0
2025-06-17 05:15:00,1.15497,1.15523,1.15466,1.15495,478,8,0
2025-06-17 05:30:00,1.15495,1.15507,1.15454,1.15481,504,8,0
2025-06-17 05:45:00,1.15481,1.15604,1.15472,1.15582,921,8,0
2025-06-17 06:00:00,1.15582,1.15609,1.15544,1.15587,863,8,0
2025-06-17 06:15:00,1.15588,1.15611,1.15562,1.1561,591,8,0
2025-06-17 06:30:00,1.1561,1.15635,1.15582,1.1561,883,8,0
2025-06-17 06:45:00,1.15609,1.1562000000000001,1.15567,1.15615,709,8,0
2025-06-17 07:00:00,1.15614,1.15643,1.15609,1.15639,636,9,0
2025-06-17 07:15:00,1.15641,1.15664,1.15627,1.15638,532,8,0
2025-06-17 07:30:00,1.15639,1.15668,1.15599,1.1565,492,8,0
2025-06-17 07:45:00,1.1565,1.1565400000000001,1.1559,1.15605,453,9,0
2025-06-17 08:00:00,1.15606,1.1565,1.15603,1.15638,496,8,0
2025-06-17 08:15:00,1.15638,1.15641,1.15565,1.15614,588,8,0
2025-06-17 08:30:00,1.15611,1.15615,1.1555900000000001,1.15577,513,8,0
2025-06-17 08:45:00,1.15578,1.15578,1.15522,1.15575,686,8,0
2025-06-17 09:00:00,1.15573,1.15612,1.15522,1.15612,824,8,0
2025-06-17 09:15:00,1.15612,1.15678,1.1559599999999999,1.15646,803,8,0
2025-06-17 09:30:00,1.15646,1.1571799999999999,1.15623,1.15686,883,8,0
2025-06-17 09:45:00,1.15685,1.15698,1.1559599999999999,1.15617,1076,8,0
2025-06-17 10:00:00,1.15617,1.15629,1.15543,1.15553,1220,8,0
2025-06-17 10:15:00,1.15553,1.15594,1.15515,1.1555,1067,8,0
2025-06-17 10:30:00,1.15551,1.15562,1.1544699999999999,1.15545,964,8,0
2025-06-17 10:45:00,1.15545,1.1562999999999999,1.15544,1.15575,1020,8,0
2025-06-17 11:00:00,1.15575,1.15588,1.15519,1.15549,909,8,0
2025-06-17 11:15:00,1.15549,1.15584,1.15537,1.15578,730,8,0
2025-06-17 11:30:00,1.15578,1.1559300000000001,1.1554,1.15564,620,8,0
2025-06-17 11:45:00,1.15564,1.15579,1.15494,1.15515,774,8,0
2025-06-17 12:00:00,1.15513,1.15595,1.15507,1.15552,922,8,0
2025-06-17 12:15:00,1.15552,1.15578,1.15497,1.15558,915,8,0
2025-06-17 12:30:00,1.1556,1.15597,1.1553200000000001,1.15574,853,8,0
2025-06-17 12:45:00,1.15574,1.15604,1.15543,1.15562,707,8,0
2025-06-17 13:00:00,1.15562,1.15639,1.15546,1.15608,617,8,0
2025-06-17 13:15:00,1.15608,1.15631,1.15574,1.15582,607,8,0
2025-06-17 13:30:00,1.15582,1.15653,1.15571,1.15636,628,8,0
2025-06-17 13:45:00,1.15634,1.15684,1.15634,1.15676,726,8,0
2025-06-17 14:00:00,1.15676,1.15722,1.15664,1.1571799999999999,787,8,0
2025-06-17 14:15:00,1.1571799999999999,1.15731,1.15677,1.15683,626,8,0
2025-06-17 14:30:00,1.15683,1.15694,1.15638,1.1565400000000001,714,8,0
2025-06-17 14:45:00,1.15653,1.15653,1.15571,1.15611,890,8,0
2025-06-17 15:00:00,1.15612,1.15704,1.15607,1.1569,980,8,0
2025-06-17 15:15:00,1.15688,1.15723,1.15659,1.15667,799,8,0
2025-06-17 15:30:00,1.15667,1.15795,1.15579,1.15613,1688,8,0
2025-06-17 15:45:00,1.15615,1.15622,1.15473,1.1549800000000001,1309,8,0
2025-06-17 16:00:00,1.15502,1.15626,1.155,1.15589,1060,8,0
2025-06-17 16:15:00,1.15589,1.15689,1.15587,1.15606,1000,8,0
2025-06-17 16:30:00,1.15607,1.15642,1.15562,1.15617,1423,8,0
2025-06-17 16:45:00,1.15617,1.15649,1.15581,1.15583,1169,8,0
2025-06-17 17:00:00,1.15582,1.15604,1.15515,1.1552,1117,8,0
2025-06-17 17:15:00,1.1552,1.1552,1.15346,1.15368,1366,8,0
2025-06-17 17:30:00,1.15368,1.15372,1.15101,1.1510799999999999,1588,8,0
2025-06-17 17:45:00,1.1511,1.15269,1.1511,1.15261,1301,8,0
2025-06-17 18:00:00,1.15263,1.15331,1.15204,1.15327,1240,8,0
2025-06-17 18:15:00,1.15327,1.15337,1.15181,1.15198,984,8,0
2025-06-17 18:30:00,1.15198,1.15324,1.15197,1.15319,1067,8,0
2025-06-17 18:45:00,1.1532,1.15348,1.15288,1.15336,856,8,0
2025-06-17 19:00:00,1.15335,1.1538599999999999,1.15296,1.1537,901,8,0
2025-06-17 19:15:00,1.15365,1.15384,1.15231,1.15233,792,8,0
2025-06-17 19:30:00,1.15233,1.1527,1.15183,1.15199,778,8,0
2025-06-17 19:45:00,1.15201,1.15207,1.14983,1.15022,1293,8,0
2025-06-17 20:00:00,1.15023,1.15057,1.14965,1.14968,1041,8,0
2025-06-17 20:15:00,1.14968,1.15015,1.14893,1.15013,1185,8,0
2025-06-17 20:30:00,1.15012,1.1508099999999999,1.14902,1.14905,987,8,0
2025-06-17 20:45:00,1.14908,1.14908,1.14777,1.1486,1462,8,0
2025-06-17 21:00:00,1.1486,1.1489099999999999,1.14816,1.1485,947,8,0
2025-06-17 21:15:00,1.14851,1.14898,1.14782,1.14783,862,8,0
2025-06-17 21:30:00,1.14782,1.14859,1.14776,1.14811,870,8,0
2025-06-17 21:45:00,1.14811,1.14811,1.14744,1.1479,1048,8,0
2025-06-17 22:00:00,1.1479,1.14808,1.14771,1.1479300000000001,763,8,0
2025-06-17 22:15:00,1.1479300000000001,1.14844,1.14765,1.14835,602,8,0
2025-06-17 22:30:00,1.14836,1.14865,1.14802,1.14855,638,8,0
2025-06-17 22:45:00,1.14855,1.14883,1.14823,1.1484,796,8,0
2025-06-17 23:00:00,1.1484,1.14845,1.14749,1.14753,398,8,0
2025-06-17 23:15:00,1.14753,1.14844,1.14741,1.14834,416,9,0
2025-06-17 23:30:00,1.14833,1.14836,1.14764,1.14768,402,8,0
2025-06-17 23:45:00,1.14773,1.14853,1.1477,1.14787,576,9,0
2025-06-18 00:00:00,1.1476899999999999,1.14861,1.14696,1.14839,157,24,0
2025-06-18 00:15:00,1.1485,1.14862,1.14806,1.14811,224,10,0
2025-06-18 00:30:00,1.14819,1.14822,1.14785,1.14811,145,26,0
2025-06-18 00:45:00,1.14809,1.14814,1.14783,1.14813,156,13,0
2025-06-18 01:00:00,1.14813,1.1482999999999999,1.14802,1.14821,580,8,0
2025-06-18 01:15:00,1.14822,1.14835,1.14813,1.14832,315,9,0
2025-06-18 01:30:00,1.14832,1.14832,1.14768,1.14788,309,8,0
2025-06-18 01:45:00,1.14788,1.14798,1.14741,1.14745,341,10,0
2025-06-18 02:00:00,1.1475,1.14783,1.14748,1.14772,326,8,0
2025-06-18 02:15:00,1.14772,1.14792,1.14758,1.14788,359,8,0
2025-06-18 02:30:00,1.14787,1.14788,1.14746,1.14768,475,10,0
2025-06-18 02:45:00,1.1476899999999999,1.14823,1.14767,1.14813,700,8,0
2025-06-18 03:00:00,1.14813,1.14905,1.14807,1.1484,1226,8,0
2025-06-18 03:15:00,1.14839,1.1488,1.1480299999999999,1.1486,917,8,0
2025-06-18 03:30:00,1.1486,1.14938,1.14845,1.14934,824,8,0
2025-06-18 03:45:00,1.14934,1.14964,1.14896,1.14919,1029,8,0
2025-06-18 04:00:00,1.14916,1.14962,1.1488800000000001,1.14932,880,8,0
2025-06-18 04:15:00,1.14933,1.14988,1.14908,1.14985,683,8,0
2025-06-18 04:30:00,1.14985,1.15003,1.14935,1.14944,669,8,0
2025-06-18 04:45:00,1.14943,1.14997,1.14923,1.14964,847,9,0
2025-06-18 05:00:00,1.14964,1.14973,1.14941,1.1496,582,8,0
2025-06-18 05:15:00,1.14954,1.15007,1.1494900000000001,1.14982,496,9,0
2025-06-18 05:30:00,1.14982,1.14982,1.14927,1.1497,501,10,0
2025-06-18 05:45:00,1.1497,1.14987,1.1495199999999999,1.14973,510,10,0
2025-06-18 06:00:00,1.14972,1.14992,1.14957,1.14988,430,9,0
2025-06-18 06:15:00,1.14988,1.1503,1.14974,1.15005,508,8,0
2025-06-18 06:30:00,1.15005,1.15044,1.15003,1.15023,483,8,0
2025-06-18 06:45:00,1.15023,1.15023,1.14982,1.14993,417,8,0
2025-06-18 07:00:00,1.14993,1.14995,1.1496,1.14993,490,10,0
2025-06-18 07:15:00,1.14994,1.1502,1.14988,1.1501000000000001,409,9,0
2025-06-18 07:30:00,1.15011,1.15051,1.15008,1.15038,487,8,0
2025-06-18 07:45:00,1.1503700000000001,1.15074,1.15025,1.15052,547,10,0
2025-06-18 08:00:00,1.1505,1.15059,1.15006,1.15007,541,9,0
2025-06-18 08:15:00,1.1501000000000001,1.15032,1.15002,1.15032,511,8,0
2025-06-18 08:30:00,1.15033,1.15064,1.15018,1.15057,663,8,0
2025-06-18 08:45:00,1.15055,1.15065,1.14998,1.1503700000000001,761,8,0
2025-06-18 09:00:00,1.1503700000000001,1.15078,1.15002,1.15075,1013,8,0
2025-06-18 09:15:00,1.15075,1.15147,1.15049,1.15138,983,8,0
2025-06-18 09:30:00,1.15138,1.15144,1.15068,1.15086,838,8,0
2025-06-18 09:45:00,1.15084,1.15123,1.15055,1.1509800000000001,989,8,0
2025-06-18 10:00:00,1.15097,1.15228,1.15088,1.15175,1143,8,0
2025-06-18 10:15:00,1.15171,1.15211,1.15149,1.15185,917,8,0
2025-06-18 10:30:00,1.15183,1.15218,1.15131,1.15141,787,8,0
2025-06-18 10:45:00,1.15141,1.15168,1.15116,1.15127,736,8,0
2025-06-18 11:00:00,1.15126,1.15157,1.151,1.15105,728,8,0
2025-06-18 11:15:00,1.15104,1.15106,1.15015,1.15032,746,8,0
2025-06-18 11:30:00,1.15033,1.15061,1.14979,1.15021,685,8,0
2025-06-18 11:45:00,1.1502,1.15074,1.1498599999999999,1.15016,717,8,0
2025-06-18 12:00:00,1.15016,1.1507,1.14994,1.15053,782,8,0
2025-06-18 12:15:00,1.15052,1.151,1.1503,1.15079,761,8,0
2025-06-18 12:30:00,1.15074,1.15087,1.15028,1.15046,757,8,0
2025-06-18 12:45:00,1.15046,1.1504699999999999,1.14966,1.15031,746,8,0
2025-06-18 13:00:00,1.15031,1.15102,1.15015,1.15059,568,8,0
2025-06-18 13:15:00,1.15058,1.15094,1.15049,1.15069,610,8,0
2025-06-18 13:30:00,1.15068,1.15068,1.14999,1.15017,635,8,0
2025-06-18 13:45:00,1.15016,1.15033,1.14914,1.14931,765,8,0
2025-06-18 14:00:00,1.14929,1.14995,1.14917,1.14988,729,8,0
2025-06-18 14:15:00,1.14988,1.14997,1.1494,1.14954,682,8,0
2025-06-18 14:30:00,1.14954,1.15014,1.14932,1.14988,779,8,0
2025-06-18 14:45:00,1.14987,1.1508099999999999,1.1498599999999999,1.15068,861,8,0
2025-06-18 15:00:00,1.1507,1.15121,1.15048,1.15109,832,8,0
2025-06-18 15:15:00,1.1510799999999999,1.15163,1.15077,1.15122,951,8,0
2025-06-18 15:30:00,1.15118,1.15143,1.15052,1.15053,1069,9,0
2025-06-18 15:45:00,1.15053,1.15091,1.15005,1.15055,934,8,0
2025-06-18 16:00:00,1.15052,1.15083,1.15026,1.1505,797,8,0
2025-06-18 16:15:00,1.1504699999999999,1.15058,1.14975,1.15006,814,8,0
2025-06-18 16:30:00,1.15005,1.15005,1.14887,1.14923,1309,8,0
2025-06-18 16:45:00,1.14922,1.1495199999999999,1.14875,1.14881,1205,8,0
2025-06-18 17:00:00,1.1488,1.15225,1.14837,1.15155,1984,8,0
2025-06-18 17:15:00,1.15154,1.15161,1.14972,1.15015,1411,8,0
2025-06-18 17:30:00,1.15012,1.15062,1.14991,1.15031,1346,8,0
2025-06-18 17:45:00,1.15038,1.15114,1.1497,1.15067,1443,8,0
2025-06-18 18:00:00,1.15067,1.15145,1.15051,1.15131,981,8,0
2025-06-18 18:15:00,1.1513,1.15292,1.15106,1.1529099999999999,975,8,0
2025-06-18 18:30:00,1.1529099999999999,1.15298,1.152,1.15221,1000,8,0
2025-06-18 18:45:00,1.15222,1.15248,1.15185,1.15197,825,8,0
2025-06-18 19:00:00,1.15199,1.15246,1.15165,1.15168,753,8,0
2025-06-18 19:15:00,1.15168,1.15185,1.1510799999999999,1.15111,702,8,0
2025-06-18 19:30:00,1.1511,1.15133,1.1506,1.15062,754,8,0
2025-06-18 19:45:00,1.15062,1.15062,1.1501000000000001,1.15025,516,8,0
2025-06-18 20:00:00,1.15026,1.15085,1.15025,1.15049,567,8,0
2025-06-18 20:15:00,1.15049,1.15062,1.15005,1.15021,495,8,0
2025-06-18 20:30:00,1.15021,1.15021,1.14875,1.14926,589,8,0
2025-06-18 20:45:00,1.14923,1.15005,1.1491500000000001,1.14963,721,8,0
2025-06-18 21:00:00,1.14971,1.15286,1.14966,1.15153,2346,8,0
2025-06-18 21:15:00,1.15155,1.15179,1.15059,1.15115,1819,8,0
2025-06-18 21:30:00,1.15115,1.15165,1.14959,1.14974,1879,8,0
2025-06-18 21:45:00,1.14972,1.15013,1.14737,1.14741,1956,8,0
2025-06-18 22:00:00,1.14747,1.14842,1.14603,1.14841,1999,8,0
2025-06-18 22:15:00,1.14842,1.14869,1.1463,1.14662,1738,8,0
2025-06-18 22:30:00,1.14663,1.14768,1.14631,1.1469,1334,8,0
2025-06-18 22:45:00,1.1469,1.14754,1.14636,1.14739,1126,8,0
2025-06-18 23:00:00,1.14729,1.14785,1.14715,1.14764,667,8,0
2025-06-18 23:15:00,1.14765,1.14816,1.14758,1.1478,446,8,0
2025-06-18 23:30:00,1.1478,1.14837,1.14773,1.14814,360,8,0
2025-06-18 23:45:00,1.14814,1.14832,1.14753,1.14753,725,9,0
2025-06-19 00:00:00,1.14738,1.14828,1.14716,1.14773,148,21,0
2025-06-19 00:15:00,1.14773,1.1479,1.14759,1.1478,130,33,0
2025-06-19 00:30:00,1.14783,1.14791,1.14755,1.14781,269,26,0
2025-06-19 00:45:00,1.14782,1.14813,1.14761,1.14806,221,16,0
2025-06-19 01:00:00,1.14804,1.14885,1.14804,1.14862,278,8,0
2025-06-19 01:15:00,1.14862,1.14881,1.14844,1.1486399999999999,238,8,0
2025-06-19 01:30:00,1.14865,1.14866,1.14822,1.1482700000000001,278,8,0
2025-06-19 01:45:00,1.14825,1.14826,1.1474199999999999,1.14796,383,8,0
2025-06-19 02:00:00,1.14799,1.14812,1.14765,1.14805,461,10,0
2025-06-19 02:15:00,1.1480299999999999,1.14809,1.14716,1.14721,477,8,0
2025-06-19 02:30:00,1.1472,1.14789,1.14705,1.14777,608,8,0
2025-06-19 02:45:00,1.14777,1.14791,1.14734,1.14755,564,9,0
2025-06-19 03:00:00,1.14752,1.14785,1.14741,1.14761,940,8,0
2025-06-19 03:15:00,1.14762,1.14785,1.14735,1.14774,825,8,0
2025-06-19 03:30:00,1.14774,1.14801,1.14749,1.14799,800,8,0
2025-06-19 03:45:00,1.14799,1.14831,1.1476,1.14804,913,9,0
2025-06-19 04:00:00,1.14804,1.14815,1.14617,1.14702,1258,8,0
2025-06-19 04:15:00,1.14702,1.14758,1.14659,1.14669,755,8,0
2025-06-19 04:30:00,1.14669,1.14707,1.14622,1.14649,857,8,0
2025-06-19 04:45:00,1.14648,1.14661,1.14517,1.14526,948,8,0
2025-06-19 05:00:00,1.14526,1.14575,1.14523,1.14528,877,8,0
2025-06-19 05:15:00,1.14526,1.14567,1.14505,1.14511,750,8,0
2025-06-19 05:30:00,1.14512,1.1454900000000001,1.14502,1.14548,674,8,0
2025-06-19 05:45:00,1.14548,1.14552,1.14518,1.14545,594,9,0
2025-06-19 06:00:00,1.14546,1.14568,1.1453,1.14557,542,10,0
2025-06-19 06:15:00,1.14556,1.14609,1.14536,1.14596,588,8,0
2025-06-19 06:30:00,1.14596,1.14641,1.14594,1.14634,465,8,0
2025-06-19 06:45:00,1.14635,1.14677,1.14614,1.14654,504,8,0
2025-06-19 07:00:00,1.14656,1.14682,1.14644,1.14676,607,8,0
2025-06-19 07:15:00,1.14677,1.14677,1.14641,1.1467,416,9,0
2025-06-19 07:30:00,1.14669,1.1467100000000001,1.14627,1.14648,447,9,0
2025-06-19 07:45:00,1.1464699999999999,1.14688,1.14644,1.14686,465,9,0
2025-06-19 08:00:00,1.14686,1.14687,1.14622,1.14633,594,9,0
2025-06-19 08:15:00,1.14634,1.14663,1.14606,1.1461000000000001,500,9,0
2025-06-19 08:30:00,1.1461000000000001,1.14649,1.14596,1.14608,583,8,0
2025-06-19 08:45:00,1.14607,1.14612,1.14505,1.1456,909,8,0
2025-06-19 09:00:00,1.1456,1.14582,1.14502,1.1454900000000001,1025,8,0
2025-06-19 09:15:00,1.1455,1.14562,1.14495,1.14516,1078,8,0
2025-06-19 09:30:00,1.1451500000000001,1.14568,1.14458,1.14563,934,8,0
2025-06-19 09:45:00,1.14562,1.14672,1.14553,1.14662,1013,8,0
2025-06-19 10:00:00,1.14663,1.14688,1.14621,1.1464,955,8,0
2025-06-19 10:15:00,1.1464,1.14765,1.1464,1.14726,1029,8,0
2025-06-19 10:30:00,1.14725,1.14755,1.14658,1.1471,1286,8,0
2025-06-19 10:45:00,1.1471,1.14721,1.14594,1.1461000000000001,1168,8,0
2025-06-19 11:00:00,1.1461000000000001,1.1467100000000001,1.14561,1.14645,1277,8,0
2025-06-19 11:15:00,1.14645,1.14723,1.14641,1.14701,985,8,0
2025-06-19 11:30:00,1.14701,1.14716,1.14654,1.14689,1095,8,0
2025-06-19 11:45:00,1.1469,1.14786,1.14666,1.14761,934,8,0
2025-06-19 12:00:00,1.14761,1.1479300000000001,1.14706,1.14746,1054,8,0
2025-06-19 12:15:00,1.14749,1.14759,1.14716,1.14739,799,8,0
2025-06-19 12:30:00,1.1474,1.14749,1.14689,1.14747,731,8,0
2025-06-19 12:45:00,1.14747,1.14768,1.14712,1.1475,842,8,0
2025-06-19 13:00:00,1.1475,1.14763,1.14725,1.14756,844,8,0
2025-06-19 13:15:00,1.14756,1.14787,1.14739,1.1476600000000001,890,8,0
2025-06-19 13:30:00,1.1476600000000001,1.14767,1.14722,1.1474,695,8,0
2025-06-19 13:45:00,1.1474,1.1476,1.14689,1.14727,871,8,0
2025-06-19 14:00:00,1.14728,1.14744,1.1467100000000001,1.14723,1138,8,0
2025-06-19 14:15:00,1.14723,1.14845,1.14715,1.14822,935,8,0
2025-06-19 14:30:00,1.14822,1.14869,1.1477,1.14811,720,8,0
2025-06-19 14:45:00,1.14811,1.14822,1.14765,1.14805,735,8,0
2025-06-19 15:00:00,1.14805,1.14857,1.14712,1.14718,790,8,0
2025-06-19 15:15:00,1.1472,1.14736,1.14698,1.14718,688,8,0
2025-06-19 15:30:00,1.14718,1.14752,1.1469,1.14744,780,8,0
2025-06-19 15:45:00,1.14744,1.14826,1.14725,1.1477,769,8,0
2025-06-19 16:00:00,1.1476899999999999,1.14815,1.14735,1.14795,767,8,0
2025-06-19 16:15:00,1.14797,1.14841,1.14761,1.1479300000000001,619,8,0
2025-06-19 16:30:00,1.14796,1.14821,1.14707,1.14726,996,8,0
2025-06-19 16:45:00,1.14727,1.14817,1.14712,1.14722,913,8,0
2025-06-19 17:00:00,1.14722,1.14802,1.14716,1.1478,871,8,0
2025-06-19 17:15:00,1.14779,1.14794,1.14658,1.14661,820,8,0
2025-06-19 17:30:00,1.1466,1.14705,1.14645,1.14695,788,8,0
2025-06-19 17:45:00,1.14695,1.14706,1.14614,1.1468,1066,8,0
2025-06-19 18:00:00,1.1468,1.14716,1.14651,1.14667,837,8,0
2025-06-19 18:15:00,1.14667,1.14703,1.14616,1.14619,483,8,0
2025-06-19 18:30:00,1.1461999999999999,1.14676,1.14615,1.14652,390,8,0
2025-06-19 18:45:00,1.14652,1.14677,1.14582,1.14596,611,8,0
2025-06-19 19:00:00,1.14589,1.14594,1.14542,1.1457600000000001,389,8,0
2025-06-19 19:15:00,1.14577,1.14609,1.14561,1.14583,356,8,0
2025-06-19 19:30:00,1.14583,1.14596,1.14553,1.14596,266,8,0
2025-06-19 19:45:00,1.14595,1.14598,1.14544,1.1456,277,8,0
2025-06-19 20:00:00,1.1456,1.14638,1.1455,1.14635,254,9,0
2025-06-19 20:15:00,1.14635,1.14641,1.14599,1.14614,179,9,0
2025-06-19 20:30:00,1.14621,1.14714,1.14616,1.1471,431,8,0
2025-06-19 20:45:00,1.1471,1.14825,1.1471,1.14785,368,8,0
2025-06-19 21:00:00,1.14783,1.14845,1.14767,1.14843,356,8,0
2025-06-19 21:15:00,1.14842,1.14849,1.1480299999999999,1.14849,222,9,0
2025-06-19 21:30:00,1.14848,1.14865,1.14828,1.14842,241,8,0
2025-06-19 21:45:00,1.14842,1.1485400000000001,1.14829,1.14846,178,8,0
2025-06-19 22:00:00,1.14846,1.14911,1.14838,1.14886,301,9,0
2025-06-19 22:15:00,1.14886,1.14979,1.14886,1.14968,261,8,0
2025-06-19 22:30:00,1.14967,1.14994,1.14947,1.14961,315,8,0
2025-06-19 22:45:00,1.14961,1.14984,1.14941,1.14973,281,10,0
2025-06-19 23:00:00,1.14965,1.14967,1.14919,1.1492,249,9,0
2025-06-19 23:15:00,1.1492,1.14965,1.14917,1.14962,152,8,0
2025-06-19 23:30:00,1.14963,1.14988,1.14956,1.14969,237,10,0
2025-06-19 23:45:00,1.14969,1.14987,1.14897,1.149,235,11,0
2025-06-20 00:00:00,1.14872,1.14958,1.14861,1.1491500000000001,48,29,0
2025-06-20 00:15:00,1.1491500000000001,1.1493,1.14904,1.14916,104,49,0
2025-06-20 00:30:00,1.14916,1.1494,1.14907,1.14938,80,32,0
2025-06-20 00:45:00,1.14939,1.14962,1.14918,1.14926,283,27,0
2025-06-20 01:00:00,1.1493,1.14996,1.14912,1.1498,402,8,0
2025-06-20 01:15:00,1.14979,1.14979,1.14934,1.14945,330,10,0
2025-06-20 01:30:00,1.14945,1.14956,1.14912,1.14951,347,8,0
2025-06-20 01:45:00,1.14951,1.14996,1.14945,1.1497,411,9,0
2025-06-20 02:00:00,1.14971,1.15009,1.14963,1.15005,405,9,0
2025-06-20 02:15:00,1.15005,1.15121,1.15003,1.15085,433,8,0
2025-06-20 02:30:00,1.15091,1.15116,1.1506,1.15107,575,9,0
2025-06-20 02:45:00,1.15107,1.1512,1.1508099999999999,1.15114,675,8,0
2025-06-20 03:00:00,1.15111,1.15182,1.15101,1.15157,828,8,0
2025-06-20 03:15:00,1.15157,1.1516,1.1510799999999999,1.15122,780,8,0
2025-06-20 03:30:00,1.15122,1.15186,1.15106,1.15186,616,8,0
2025-06-20 03:45:00,1.15186,1.15233,1.15186,1.15221,832,8,0
2025-06-20 04:00:00,1.15221,1.15225,1.1514,1.1514199999999999,778,8,0
2025-06-20 04:15:00,1.1514199999999999,1.15224,1.1514,1.15215,806,8,0
2025-06-20 04:30:00,1.15215,1.15221,1.1513,1.15164,700,8,0
2025-06-20 04:45:00,1.15165,1.15195,1.15124,1.15128,844,8,0
2025-06-20 05:00:00,1.15127,1.15186,1.15113,1.15129,734,8,0
2025-06-20 05:15:00,1.1513,1.15162,1.15105,1.1514,687,8,0
2025-06-20 05:30:00,1.15145,1.15212,1.15139,1.1519,710,8,0
2025-06-20 05:45:00,1.1519,1.15197,1.15151,1.15177,691,8,0
2025-06-20 06:00:00,1.15176,1.15239,1.15149,1.15226,734,8,0
2025-06-20 06:15:00,1.15223,1.1525,1.15197,1.15218,723,8,0
2025-06-20 06:30:00,1.15218,1.15259,1.15199,1.15239,664,8,0
2025-06-20 06:45:00,1.15239,1.15297,1.15223,1.15288,630,8,0
2025-06-20 07:00:00,1.15288,1.15317,1.15267,1.15306,546,10,0
2025-06-20 07:15:00,1.15305,1.15309,1.15266,1.15273,458,9,0
2025-06-20 07:30:00,1.15273,1.15275,1.15245,1.1526399999999999,544,10,0
2025-06-20 07:45:00,1.15265,1.15286,1.15239,1.1526399999999999,525,8,0
2025-06-20 08:00:00,1.15263,1.15278,1.15247,1.1525,664,8,0
2025-06-20 08:15:00,1.1525,1.15251,1.15199,1.15212,700,8,0
2025-06-20 08:30:00,1.15212,1.15236,1.15186,1.15231,680,8,0
2025-06-20 08:45:00,1.15231,1.15284,1.15229,1.15269,867,8,0
2025-06-20 09:00:00,1.15267,1.1529,1.15215,1.15231,1089,8,0
2025-06-20 09:15:00,1.15229,1.15247,1.1517,1.1519300000000001,1044,8,0
2025-06-20 09:30:00,1.15192,1.15197,1.15138,1.15162,1101,8,0
2025-06-20 09:45:00,1.15163,1.15196,1.15134,1.15163,1187,8,0
2025-06-20 10:00:00,1.15162,1.15162,1.15104,1.15153,1378,8,0
2025-06-20 10:15:00,1.15153,1.15189,1.15118,1.15165,796,8,0
2025-06-20 10:30:00,1.15163,1.1517,1.15095,1.15125,704,8,0
2025-06-20 10:45:00,1.15125,1.15174,1.1512,1.1516,655,8,0
2025-06-20 11:00:00,1.1515900000000001,1.15179,1.15118,1.15134,813,8,0
2025-06-20 11:15:00,1.15134,1.15161,1.15109,1.1514,746,8,0
2025-06-20 11:30:00,1.1514,1.1519,1.1512,1.15178,664,8,0
2025-06-20 11:45:00,1.15179,1.15261,1.15172,1.15221,756,8,0
2025-06-20 12:00:00,1.15219,1.1528,1.1519,1.15247,737,8,0
2025-06-20 12:15:00,1.15247,1.1527,1.15226,1.15232,588,8,0
2025-06-20 12:30:00,1.15233,1.15265,1.15205,1.15257,735,8,0
2025-06-20 12:45:00,1.15257,1.15272,1.15226,1.1526399999999999,681,8,0
2025-06-20 13:00:00,1.1526399999999999,1.15344,1.15244,1.15329,629,8,0
2025-06-20 13:15:00,1.15329,1.15335,1.15256,1.15256,485,8,0
2025-06-20 13:30:00,1.15255,1.15277,1.15221,1.15274,653,8,0
2025-06-20 13:45:00,1.15273,1.15284,1.15224,1.15235,534,8,0
2025-06-20 14:00:00,1.15235,1.15235,1.1515900000000001,1.15168,669,8,0
2025-06-20 14:15:00,1.15168,1.1519,1.15133,1.15152,578,8,0
2025-06-20 14:30:00,1.15152,1.15166,1.15115,1.15138,664,8,0
2025-06-20 14:45:00,1.15136,1.15255,1.15135,1.15204,1239,8,0
2025-06-20 15:00:00,1.15205,1.15212,1.15126,1.15168,852,8,0
2025-06-20 15:15:00,1.15168,1.15189,1.15126,1.15149,673,8,0
2025-06-20 15:30:00,1.1515,1.1526399999999999,1.15109,1.15177,1696,8,0
2025-06-20 15:45:00,1.15176,1.15178,1.15053,1.15122,1272,8,0
2025-06-20 16:00:00,1.15123,1.15166,1.15086,1.1514199999999999,982,8,0
2025-06-20 16:15:00,1.1514199999999999,1.15189,1.15121,1.15179,793,8,0
2025-06-20 16:30:00,1.15178,1.15191,1.15089,1.15102,1123,8,0
2025-06-20 16:45:00,1.15103,1.15208,1.15087,1.15179,1019,8,0
2025-06-20 17:00:00,1.15177,1.15188,1.15115,1.15133,943,8,0
2025-06-20 17:15:00,1.15133,1.15136,1.15028,1.15077,931,8,0
2025-06-20 17:30:00,1.15077,1.15077,1.14983,1.14992,1008,8,0
2025-06-20 17:45:00,1.14991,1.15184,1.14947,1.15129,1650,8,0
2025-06-20 18:00:00,1.15127,1.15267,1.15105,1.152,1438,8,0
2025-06-20 18:15:00,1.15201,1.15283,1.15192,1.1522000000000001,944,8,0
2025-06-20 18:30:00,1.1522000000000001,1.15258,1.15179,1.1522999999999999,1085,8,0
2025-06-20 18:45:00,1.1522999999999999,1.15231,1.1515900000000001,1.1519,698,8,0
2025-06-20 19:00:00,1.15191,1.1528100000000001,1.15188,1.15244,802,8,0
2025-06-20 19:15:00,1.15245,1.15318,1.1524,1.15298,699,8,0
2025-06-20 19:30:00,1.15299,1.15348,1.15289,1.15338,718,8,0
2025-06-20 19:45:00,1.15339,1.15365,1.15316,1.15355,658,8,0
2025-06-20 20:00:00,1.15355,1.1538,1.15345,1.15368,572,8,0
2025-06-20 20:15:00,1.15368,1.15434,1.15368,1.15393,661,8,0
2025-06-20 20:30:00,1.15397,1.15412,1.15332,1.15339,625,8,0
2025-06-20 20:45:00,1.15338,1.1537600000000001,1.15313,1.15318,477,8,0
2025-06-20 21:00:00,1.15318,1.15345,1.15304,1.15336,430,9,0
2025-06-20 21:15:00,1.15336,1.15366,1.15321,1.15345,369,9,0
2025-06-20 21:30:00,1.15344,1.15349,1.15285,1.1529,396,8,0
2025-06-20 21:45:00,1.1529,1.15309,1.15267,1.15282,489,8,0
2025-06-20 22:00:00,1.1528100000000001,1.15314,1.15272,1.15303,547,8,0
2025-06-20 22:15:00,1.15303,1.15306,1.15276,1.15278,387,8,0
2025-06-20 22:30:00,1.15278,1.15278,1.15239,1.15243,435,9,0
2025-06-20 22:45:00,1.15244,1.15248,1.1515,1.15155,645,10,0
2025-06-20 23:00:00,1.15153,1.1522000000000001,1.15134,1.15196,412,8,0
2025-06-20 23:15:00,1.15196,1.152,1.15152,1.15173,342,8,0
2025-06-20 23:30:00,1.15174,1.1519300000000001,1.15153,1.15155,264,9,0
2025-06-20 23:45:00,1.15156,1.15224,1.15146,1.15216,532,9,0
